Date,Unix,Ticker,Total Debt/Equity (mrq),Stock Price,Stock Change,SNP500 Value,SNP500 Change,YtY Stock Price Change,YtY SNP500 Value Change,Absolute Stock Perfomance,YtY Stock Perfomance,Absolute Difference,YtY Difference
2004-01-30 19:01:02,1075510862.0,a,0.407,25.147391689101,0.0,1131.130005,0.0,0.0,0.0,0,0,0.0,0.0
2004-04-13 04:07:11,1081847231.0,a,0.375,21.156283675503,-15.870862723817847,1129.439941,-0.14941377140816745,-15.870862723817847,-0.14941377140816745,0,0,-15.72144895240968,-15.72144895240968
2004-12-13 21:37:34,1102995454.0,a,0.323,16.264617956272,-35.322843190448395,1198.680054,5.971908507545951,-23.121573685907283,6.130482063410562,0,0,-41.29475169799434,-29.252055749317844
2005-01-22 05:17:19,1106392639.0,a,0.322,15.05022953504,-40.15192620727007,1184.630005,4.729783469938099,-7.466442953021877,-1.1721267032945846,0,0,-44.88170967720817,-6.294316249727292
2006-01-09 02:35:16,1136795716.0,a,0.0,23.571415704244,-6.266956049919223,1290.150024,14.058509481410145,56.618313689933714,8.907424137041003,0,1,-20.325465531329368,47.71088955289271
2006-06-21 11:01:16,1150905676.0,a,0.368,22.281980807543,-11.394465545306959,1252.199951,10.703451014899041,-5.470332850940466,-2.941524031626881,0,0,-22.097916560206002,-2.5288088193135847
2006-08-19 10:42:01,1156002121.0,a,0.396,21.838524361588,-13.157894736840952,1295.430054,14.525301978882606,-1.990202082055826,3.4523322705352726,0,0,-27.683196715723557,-5.442534352591099
2007-02-20 17:46:56,1172015216.0,a,0.411,22.165999890909,-11.855670103091246,1459.680054,29.046179267430883,1.4995313964390342,12.67918707712798,0,0,-40.90184937052213,-11.179655680688946
2007-04-12 05:07:51,1176372471.0,a,0.411,23.789732723791,-5.3988062940874055,1447.800049,27.995901673565807,7.325330871033469,-0.813877326572004,0,1,-33.39470796765321,8.139208197605473
2008-01-23 19:28:50,1201138130.0,a,0.645,22.807306135829,-9.305480195332565,1338.599976,18.3418325111091,-4.129624318895874,-7.542483029712895,0,1,-27.647312706441667,3.412858710817021
2008-02-14 04:44:34,1202985874.0,a,0.645,21.517871239128,-14.4329896907203,1348.859985,19.248890846989784,-5.653604546813924,0.7664731199726305,0,0,-33.681880537710086,-6.420077666786555
2008-04-26 04:49:23,1209203363.0,a,0.67,21.176750896085,-15.789473684210733,1379.930054,21.995707646354933,-1.585288522512891,2.3034317383208514,0,0,-37.78518133056566,-3.8887202608337423
2008-12-06 19:21:33,1228612893.0,a,0.83,12.416780486751,-50.62398263700449,870.73999,-23.020343713718386,-41.365979381442685,-36.89970100470034,0,0,-27.603638923286102,-4.466278376742345
2011-08-02 06:45:37,1312285537.0,a,54.36,26.566452316158,5.642973412912751,1254.050049,10.867012938976892,113.95604395604028,44.02118467075342,0,1,-5.224039526064141,69.93485928528685
2011-11-08 05:04:16,1320750256.0,a,51.62,26.436826585802,5.127509495387733,1275.920044,12.80047725371762,-0.4879301489463864,1.7439491364351454,0,0,-7.672967758329887,-2.231879285381532
2013-05-14 00:28:58,1368509338.0,a,44.12,30.38151223784,20.813771119680347,1650.339966,45.90188207411225,14.921176863778761,29.34509288107085,0,0,-25.088110954431905,-14.42391601729209
2013-09-06 06:09:52,1378465792.0,a,56.39,32.864204641452,30.686335377261027,1655.170044,46.32889558968069,8.171720960353712,0.2926716979233573,0,1,-15.642560212419664,7.879049262430354
2003-12-07 10:36:10,1070814970.0,aapl,0.072,1.3590348906546,0.0,1069.719971,0.0,-95.86469563014943,-35.370992552835254,0,0,0.0,-60.49370307731417
2004-02-03 07:33:34,1075815214.0,aapl,0.07,1.4303601260507,5.2482269503577745,1136.030029,6.198823972409507,5.2482269503577745,6.198823972409507,0,0,-0.9505970220517321,-0.9505970220517321
2004-06-03 01:20:38,1086243638.0,aapl,0.0,1.8248979146379,34.278959810878,1116.640015,4.386198750326964,27.58310871518349,-1.7068223114725487,1,1,29.892761060551035,29.28993102665604
2004-08-10 02:02:44,1092121364.0,aapl,0.0,2.0253796573728,49.03073286052609,1079.040039,0.8712624100387102,10.985915492959489,-3.367242396377849,1,1,48.15947045048738,14.353157889337337
2004-10-12 05:40:57,1097577657.0,aapl,0.0,2.4603993363199,81.04018912529988,1121.839966,4.8723026972448675,21.478426395937127,3.9664818220892752,1,1,76.16788642805501,17.511944573847853
2004-12-04 14:16:51,1102191411.0,aapl,0.0,4.3559799166656,220.5200945626551,1191.369995,11.372137316112614,77.04361452076238,6.1978562992290485,1,1,209.1479572465425,70.84575822153333
2005-01-26 15:16:47,1106774207.0,aapl,0.0,4.6425659976263,241.6075650118252,1174.069946,9.754887057259594,6.579141466292045,-1.4521138750015226,1,1,231.8526779545656,8.031255341293567
2005-02-04 03:07:08,1107508028.0,aapl,0.0,5.0660194221849,272.7659574468154,1203.030029,12.46214538514959,9.121107266436447,2.4666403478485717,1,1,260.3038120616658,6.654466918587875
2005-03-01 10:36:03,1109694963.0,aapl,0.0,5.7188702254497,320.8037825059163,1210.410034,13.152046032054496,12.886859462201478,0.6134514369632567,1,1,307.6517364738618,12.273408025238222
2005-12-17 11:55:53,1134842153.0,aapl,0.0,9.2542886502165,580.9456264775536,1272.73999,18.97880048085968,61.82022471910166,5.149491019503564,1,1,561.9668259966938,56.670733699598095
2006-01-25 09:43:52,1138203832.0,aapl,0.0,9.5357341736712,601.6548463357087,1264.680054,18.22533824602214,3.0412442716287593,-0.6332743579464417,1,1,583.4295080896866,3.674518629575201
2006-02-03 13:49:59,1138996199.0,aapl,0.0,9.2333408783795,579.4042553191641,1264.030029,18.164572343017426,-3.1711590296489924,-0.05139837526052373,1,0,561.2396829761467,-3.1197606543884686
2006-02-07 09:17:30,1139325450.0,aapl,0.0,8.6875421851776,539.243498817982,1254.780029,17.299860058422713,-5.911172352359759,-0.7317864123305571,1,0,521.9436387595592,-5.179385940029202
2006-02-17 15:01:01,1140210061.0,aapl,0.0,9.0332446774576,564.6808510638456,1287.23999,20.334295413467608,3.979289940828436,2.586904497186576,1,1,544.3465556503779,1.3923854436418601
2013-08-11 02:30:32,1376206232.0,aapl,13.75,60.921903129289,4382.73282372795,1697.47998,58.6845180064419,574.4188307144963,31.86973627194413,1,1,4324.048305721508,542.5490944425521
2013-06-19 09:57:38,1371653858.0,abbv,512.61,36.762245525271,0.0,1628.930054,0.0,-39.656767702653944,-4.038334873322048,0,0,0.0,-35.618432829331894
2003-10-26 16:06:32,1067202392.0,abc,0.592,12.283533211721,0.0,1033.77002,0.0,-66.58655357905957,-36.53686863585857,0,0,0.0,-30.049684943201
2004-01-28 07:37:34,1075297054.0,abc,0.429,11.665382927212,-5.032349193464611,1128.47998,9.161608304330604,-5.032349193464611,9.161608304330604,0,0,-14.193957497795216,-14.193957497795216
2004-05-16 19:24:15,1084753455.0,abc,0.412,12.285286422503,0.01427285416811276,1096.439941,6.062269149573535,5.314043260808375,-2.839220860612873,0,1,-6.047996295405421,8.153264121421248
2004-10-20 01:31:26,1098253886.0,abc,0.331,10.659625001909,-13.220204495091531,1103.660034,6.760692673211791,-13.232588681174514,0.6585032823060853,0,0,-19.980897168303322,-13.8910919634806
2005-01-08 07:45:42,1105191942.0,abc,0.332,12.056648957742,-1.847060207095022,1183.73999,14.507092206059536,13.105751427304547,7.255853572024883,0,1,-16.35415241315456,5.849897855279664
2005-03-30 19:52:42,1112230362.0,abc,0.291,11.68870611092,-4.842475617955047,1181.410034,14.281707840589155,-3.0517836930611733,-0.1968300488015141,0,0,-19.124183458544202,-2.854953644259659
2005-05-26 01:50:44,1117090244.0,abc,0.23,13.723710742853,11.724456687736843,1197.619995,15.849751088738296,17.410007682816374,1.3720859425170602,0,1,-4.125294401001453,16.037921740299314
2005-12-04 08:46:13,1133707573.0,abc,0.223,16.65693375286,35.60376697614886,1264.670044,22.33572453571444,21.37339575984984,5.5986080125524245,1,1,13.26804244043442,15.774787747297413
2007-02-20 06:12:02,1171973522.0,abc,0.308,23.162695504407,88.56704423044225,1459.680054,41.19968907591265,39.057379035502024,15.419833096007133,1,1,47.3673551545296,23.637545939494892
2007-04-05 16:11:07,1175807467.0,abc,0.308,22.74163214312,85.13917576597454,1443.76001,39.659690459972914,-1.817851299762965,-1.090652979491899,1,0,45.47948530600163,-0.7271983202710659
2008-01-23 20:34:05,1201142045.0,abc,0.396,19.926655177628,62.222504178308405,1338.599976,29.487211865555942,-12.378078001510604,-7.283761378042324,1,0,32.73529231275246,-5.09431662346828
2011-07-08 00:04:15,1310101455.0,abc,42.86,38.564066323149,213.94929828781673,1343.800049,29.990232160147187,93.53005298373178,0.3884710214577185,1,1,183.95906612766953,93.14158196227406
2012-02-28 18:01:38,1330473698.0,abc,66.41,34.432267892859,180.31240929933404,1372.180054,32.73552409654906,-10.714115040845126,2.1119217119480833,1,0,147.57688520278498,-12.82603675279321
2013-04-25 01:02:00,1366869720.0,abc,59.73,49.60333757031,303.81978633784524,1585.160034,53.33778338822402,44.06061699060307,15.521285226319145,1,1,250.48200294962123,28.53933176428393
2004-09-20 13:31:02,1095705062.0,abt,0.543,14.451675595886,0.0,1122.199951,0.0,-70.8655177176303,-29.20588918910379,0,0,0.0,-41.65962852852651
2004-10-23 22:48:08,1098589688.0,abt,0.543,14.136643179191,-2.179902355299768,1103.660034,-1.6521045989601952,-2.179902355299768,-1.6521045989601952,0,0,-0.5277977563395728,-0.5277977563395728
2005-01-25 12:44:11,1106678651.0,abt,0.508,15.763500720855,9.077321977407522,1168.410034,4.117811888943839,11.508089445581527,5.866842868752462,1,1,4.9595100884636825,5.641246576829065
2005-02-28 19:21:54,1109640114.0,abt,0.508,15.790969247486,9.267393546954935,1203.599976,7.253611526846334,0.17425397516339877,3.0117801949653553,1,0,2.013782020108601,-2.8375262198019566
2006-06-17 18:01:01,1150585261.0,abt,0.436,15.133249526186,4.716227718909123,1230.040039,9.609703502829676,-4.165163714727084,2.196748382121936,0,0,-4.893475783920553,-6.36191209684902
2006-07-18 12:32:14,1153243934.0,abt,0.436,15.948015818926,10.35409501902996,1236.859985,10.217433524019107,5.383948049823399,0.5544491060262204,1,1,0.13666149501085378,4.829498943797178
2007-01-13 21:19:42,1168744782.0,abt,0.604,18.198133710208,25.924039669064506,1414.849976,26.078242539506213,14.109077372570177,14.390472095352,0,0,-0.15420287044170777,-0.28139472278182254
2007-03-23 02:47:40,1174636060.0,abt,0.883,19.451309419166,34.5955303944358,1436.109985,27.97273638448056,6.886286961695683,1.5026334495269542,1,1,6.622794009955239,5.3836535121687294
2007-04-10 20:13:09,1176253989.0,abt,0.883,20.606975779013,42.59229417576496,1448.390015,29.067018200217323,5.941329372449761,0.8550898001032906,1,1,13.52527597554764,5.086239572346471
2007-06-03 02:36:35,1180856195.0,abt,0.871,20.466596213304,41.620921930535765,1530.619995,36.394587580943494,-0.6812235197168797,5.677336846318985,1,0,5.226334349592271,-6.3585603660358645
2008-01-23 23:41:45,1201153305.0,abt,0.784,21.427101604784,48.267247369458765,1338.599976,19.283553239078685,4.693039240475347,-12.545244386409575,1,1,28.98369413038008,17.23828362688492
2008-04-28 03:46:55,1209372415.0,abt,0.687,19.206358783679,32.90056683217087,1396.369995,24.431478878223544,-10.364177395832092,4.315704470026081,1,0,8.469087953947323,-14.679881865858174
2008-10-23 21:57:42,1224817062.0,abt,0.732,20.756007962181,43.6235391838554,908.1099849999999,-19.077702312250423,8.068417319262222,-34.96637794770147,1,1,62.70124149610582,43.03479526696369
2008-12-25 05:30:56,1230204656.0,abt,0.546,19.884572513387,37.593543263921575,871.6300050000001,-22.32845811272005,-4.198473282443425,-4.017132352090572,1,0,59.922001376641624,-0.18134093035285304
2011-08-05 04:11:33,1312535493.0,abt,76.17,20.807020300534,43.97652481527605,1199.380005,6.877567044199588,4.6390124128943455,37.60196392045955,1,0,37.09895777107646,-32.96295150756521
2011-09-02 09:24:27,1314973467.0,abt,68.83,21.142550590071,46.29826451466784,1173.969971,4.613261652156313,1.6125821222387606,-2.1185974331796533,1,1,41.68500286251153,3.731179555418414
2011-11-02 06:21:21,1320232881.0,abt,68.83,22.105665393699,52.96264607539268,1237.900024,10.310112105859464,4.555338768257688,5.4456293243637015,1,0,42.65253396953322,-0.8902905561060139
2012-01-01 23:13:40,1325481220.0,abt,67.73,23.547884486139,62.94224382425554,1263.02002,12.548572014685453,6.524205748862426,2.029242710475939,1,1,50.39367180957009,4.494963038386487
2012-03-02 20:56:30,1330743390.0,abt,62.85,24.198790331947,67.44626027196277,1369.630005,22.04866020351483,2.764179713006239,8.440878474752923,1,0,45.39760006844794,-5.6766987617466835
2012-03-30 05:44:15,1333104255.0,abt,62.85,25.843245503485,78.82525339028417,1408.469971,25.509715959700653,6.7956089911114645,2.835799877208444,1,1,53.31553743058352,3.9598091139030207
2013-05-08 18:10:02,1368054602.0,abt,76.36,32.866049851897,127.42034052613992,1632.689941,45.49010981020797,27.174622272055444,15.919400101999058,1,1,81.93023071593196,11.255222170056387
2013-08-18 07:12:45,1376827965.0,abt,35.38,31.850502701581,120.39314742608789,1661.319946,48.04134900554812,-3.0899580414814785,1.7535481955909216,1,0,72.35179842053978,-4.8435062370724005
2004-08-16 22:53:27,1092714807.0,ace,0.26,29.978448636320127,0.0,1079.339966,0.0,-5.877628001042342,-35.03117996032295,0,1,0.0,29.15355195928061
2004-10-10 11:27:42,1097425662.0,ace,0.26,32.167447526584255,7.301908503737797,1130.650024,4.753836568301412,7.301908503737797,4.753836568301412,1,1,2.5480719354363854,2.5480719354363854
2005-01-13 13:27:29,1105644449.0,ace,0.21,32.83839054245813,9.53999301575954,1177.449951,9.089813042279216,2.0857825766852787,4.139205413398551,1,0,0.45017997348032424,-2.0534228367132727
2007-02-20 18:32:05,1172017925.0,ace,0.171,47.130892768673085,57.21591647531775,1459.680054,35.238210386068474,43.523759813184455,23.96960505712398,1,1,21.977706089249274,19.554154756060473
2007-04-05 15:54:06,1175806446.0,ace,0.171,46.27909418261589,54.37454667533016,1443.76001,33.76323081508129,-1.8073041608568154,-1.090652979491899,1,0,20.611315860248865,-0.7166511813649163
2008-01-23 21:48:58,1201146538.0,ace,0.154,49.10223425548614,63.79177872465607,1338.599976,24.020236270950793,6.1002492004926046,-7.283761378042324,1,1,39.77154245370528,13.384010578534928
2010-12-07 07:29:30,1291728570.0,ace,23.09,52.232706037007794,74.23418626714964,1223.75,13.379476212224313,6.375416167894422,-8.579857915670543,1,1,60.85471005492533,14.955274083564966
2011-08-11 20:49:00,1313113740.0,ace,27.7,56.81715731554355,89.52667632943226,1172.640015,8.644176250210302,8.776974478954982,-4.17650541368744,1,1,80.88250007922196,12.953479892642422
2013-04-23 04:24:03,1366709043.0,ace,24.94,84.22287299470395,180.94473472074355,1578.780029,46.272729513659094,48.23492933121979,34.63467123795874,1,1,134.67200520708445,13.600258093261047
2013-05-16 15:08:57,1368734937.0,ace,27.94,86.1974314615798,187.53132794586327,1650.469971,52.91474632562619,2.344444444444458,4.540844239422538,1,0,134.61658162023707,-2.19639979497808
2003-12-15 23:12:24,1071551544.0,aci,1.074,133.1585615554419,0.0,1068.040039,0.0,54.480892640975945,-35.28873243583539,0,1,0.0,89.76962507681134
2005-01-24 04:33:07,1106562787.0,aci,1.18,151.25217457425268,13.588020783235415,1163.75,8.961270879845735,13.588020783235415,8.961270879845735,1,1,4.62674990338968,4.62674990338968
2005-02-05 03:36:51,1107596211.0,aci,1.18,167.8397146430019,26.045004303474816,1193.189941,11.717716324303467,10.966810966810982,2.5297478839957113,1,1,14.327287979171349,8.437063082815271
2005-03-30 06:50:28,1112183428.0,aci,0.936,184.27927343769116,38.39085619813085,1181.410034,10.614770126609459,9.794796678281111,-0.9872616752138789,1,1,27.77608607152139,10.78205835349499
2006-05-24 04:17:01,1148462221.0,aci,0.854,397.0150528403499,198.15210392990664,1258.569946,17.83921014594099,115.44205456973941,6.531171208928472,1,1,180.31289378396565,108.91088336081094
2007-03-11 21:41:07,1173667267.0,aci,0.86,265.4509595616884,99.34952470267204,1401.890015,31.258189188542207,-33.138313607360075,11.387533085109904,1,0,68.09133551412984,-44.52584669246998
2007-04-07 18:52:27,1175989947.0,aci,0.86,286.4215853670618,115.09813715418315,1439.369995,34.767419051787066,7.900000000000007,2.6735321315488556,1,1,80.33071810239608,5.2264678684511505
2008-03-02 17:50:27,1204501827.0,aci,0.851,482.16163333666725,262.0958560264369,1367.680054,28.05512940138005,68.33983818599286,-4.980647175433172,1,1,234.04072662505683,73.32048536142604
2008-06-05 02:23:56,1212650636.0,aci,0.899,630.6383325546475,373.59953816568895,1404.050049,31.46043198105235,30.793968029037895,2.6592473066803985,1,1,342.1391061846366,28.134720722357496
2008-10-08 20:51:28,1223517088.0,aci,0.772,224.46991946866393,68.57340365245956,984.9400019999999,-7.780610648062048,-64.40591891086598,-29.8500788699449,1,0,76.35401430052161,-34.55584004092108
2008-12-05 05:35:57,1228476957.0,aci,0.767,113.190563386205,-14.995654756245644,876.070007,-17.97404825569465,-49.57428431651999,-11.053464655606495,1,0,2.978393499449007,-38.520819660913496
2011-08-18 01:16:41,1313648201.0,aci,118.77,167.70820188018607,25.946240272623452,1140.650024,6.798432862871357,48.1644731354216,30.200784741623963,1,1,19.147807409752097,17.96368839379764
2012-07-26 21:31:10,1343356270.0,aci,113.56,50.69425348905144,-61.929407394548655,1360.02002,27.33792464123154,-69.77234689733994,19.2320160771767,0,0,-89.2673320357802,-89.00436297451664
2012-11-04 10:32:06,1352046726.0,aci,144.73,82.21363277000894,-38.258845837878425,1427.589966,33.66446143130033,62.175448126018495,4.968305245977193,0,1,-71.92330726917876,57.2071428800413
2013-04-23 05:25:15,1366712715.0,aci,179.32,44.70435685367191,-66.42772621491649,1578.780029,47.82030367309105,-45.62415581521439,10.590580390784282,0,0,-114.24802988800754,-56.21473620599867
2013-04-25 06:05:53,1366887953.0,aci,179.32,47.24771194819154,-64.51770626215463,1585.160034,48.4176600236988,5.6892778993435416,0.40410981155120645,0,1,-112.93536628585343,5.285168087792335
2003-11-08 10:24:47,1068308687.0,acn,0.076,19.163042983771,0.0,1051.810059,0.0,-59.44133124417999,-33.64644348584429,0,0,0.0,-25.794887758335705
2004-12-10 06:26:24,1102681584.0,acn,0.023,20.913740737844,9.135802469136303,1188.0,12.948149700097145,9.135802469136303,12.948149700097145,0,0,-3.8123472309608424,-3.8123472309608424
2005-02-10 03:10:56,1108026656.0,acn,0.023,20.046277886727,4.6090534979439575,1197.01001,13.804769193598297,-4.147812971341383,0.7584183501683472,0,0,-9.19571569565434,-4.906231321509731
2005-04-04 05:07:40,1112609260.0,acn,0.023,19.202473113367,0.2057613168711886,1176.119995,11.818667727725174,-4.209284028326778,-1.7451829830562526,0,0,-11.612906410853986,-2.464101045270525
2005-09-04 02:06:58,1125817618.0,acn,0.04,19.651976590764,2.5514403292163688,1221.589966,16.14168884840453,2.3408624229974775,3.866099649126362,0,0,-13.590248519188162,-1.5252372261288847
2006-06-03 23:44:14,1149396254.0,acn,0.045,22.465552918233,17.233744855965025,1270.089966,20.752787552490986,14.31701444622787,3.970235623235301,0,1,-3.519042696525961,10.346778822992569
2006-08-22 00:50:41,1156225841.0,acn,0.034,22.393726994161,16.85893004115284,1298.819946,23.48426741942769,-0.3197158081682816,2.262042907911617,0,0,-6.625337378274853,-2.5817587160798987
2006-08-22 06:44:05,1156247045.0,acn,0.034,22.393726994161,16.85893004115284,1298.819946,23.48426741942769,0.0,0.0,0,0,-6.625337378274853,0.0
2006-08-27 03:22:58,1156666978.0,acn,0.034,22.728914639833,18.608065843623603,1296.060059,23.221873370579736,1.4967925873142884,-0.21249188607703767,0,1,-4.613807526956133,1.7092844733913262
2006-11-02 16:40:55,1162503655.0,acn,0.027,26.89092157662,40.326990861491396,1367.339966,29.998753510684967,18.31150762251082,5.499737956202236,1,1,10.328237350806429,12.811769666308585
2006-11-11 01:01:42,1163228502.0,acn,0.027,26.979670492715,40.79011624387542,1385.719971,31.746217783604603,0.3300330033023671,1.3442161757158777,1,0,9.043898460270814,-1.0141831724135106
2006-12-03 00:17:12,1165126632.0,acn,0.027,27.189440658029,41.88477623859363,1400.630005,33.16377733938368,0.7775119617218438,1.0759774205491333,1,0,8.720998899209953,-0.2984654588272895
2007-03-14 19:10:39,1173917439.0,acn,0.018,28.60942331554,49.29478235669069,1387.170044,31.88408231414338,5.222551928782252,-0.9609933352812916,1,1,17.410700042547308,6.183545264063544
2007-05-05 07:47:14,1178369234.0,acn,0.015,31.433252464,64.0305899779097,1495.920044,42.22340157330631,9.870276367738454,7.839702167040165,1,1,21.807188404603387,2.0305742006982888
2007-06-05 04:17:34,1181035054.0,acn,0.015,33.684247699487,75.77713376739734,1530.949951,45.55384196035723,7.161190965093518,2.3416964790666377,1,1,30.223291807040113,4.819494486026881
2007-07-06 07:06:36,1183723596.0,acn,0.015,34.692758109651,81.0399222035455,1530.439941,45.50535316757227,2.994011976047068,-0.033313303264214,1,1,35.534569035973234,3.027325279311282
2008-04-07 01:42:51,1207550571.0,acn,0.004,30.29046320043,58.067083740733175,1372.540039,30.493146291539706,-12.689377118149478,-10.317288367214672,1,0,27.57393744919347,-2.3720887509348056
2008-10-18 23:21:07,1224390067.0,acn,0.003,25.78957499586,34.57974820440025,907.840027,-13.687835628504859,-14.859093354855352,-33.85693668642041,1,1,48.26758383290511,18.997843331565058
2008-12-02 16:28:13,1228256893.0,acn,0.003,24.846053959426,29.65609887984852,848.8099980000001,-19.30006841663033,-3.6585365853662295,-6.5022500930111455,1,1,48.95616729647885,2.843713507644916
2008-12-21 20:10:46,1229911846.0,acn,0.001,25.16883747189,31.340505227720104,885.2800289999999,-15.832709392257298,1.2991339107252609,4.296607142462032,1,0,47.1732146199774,-2.9974732317367714
2011-09-01 16:51:37,1314913897.0,acn,0.11,45.817149896065,139.09120245081695,1204.420044,14.509272248745443,82.03919806481413,36.049611935840936,1,1,124.5819302020715,45.989586128973194
2011-11-08 00:40:19,1320734419.0,acn,0.1,51.604731186432,169.29298874993682,1275.920044,21.30707755476981,12.631910329420267,5.936467128406575,1,1,147.985911195167,6.695443201013692
2012-02-29 00:47:01,1330498021.0,acn,0.15,52.174319830873,172.26531754408182,1365.680054,29.840938705074702,1.1037527593802527,7.034924360824601,1,0,142.42437883900712,-5.931171601444348
2012-11-04 02:11:28,1352016688.0,acn,0.0,61.664890932037,221.79070403515982,1427.589966,35.72697406576144,18.19011945326436,4.53326617890255,1,1,186.06372996939837,13.656853274361808
2013-04-23 04:45:22,1366710322.0,acn,0.0,69.076263764576,260.4660482318807,1578.780029,50.10124836617484,12.018788520533233,10.590580390784282,1,1,210.36479986570583,1.4282081297489508
2013-05-10 03:17:29,1368173849.0,acn,0.0,72.860520416423,280.2137295111632,1633.699951,55.32271601901462,5.478374836172975,3.4786303975979695,1,1,224.89101349214857,1.9997444385750054
2004-01-25 05:32:05,1075030325.0,adbe,0.0,18.576899902004627,0.0,1143.939941,0.0,-74.50347623674489,-29.978577749250356,0,0,0.0,-44.52489848749453
2004-08-21 23:10:00,1093147800.0,adbe,0.0,22.745303284044798,22.438638330555683,1095.170044,-4.263326705540752,22.438638330555683,-4.263326705540752,1,1,26.701965036096436,26.701965036096436
2004-11-12 17:19:37,1100301577.0,adbe,0.0,29.473578659243678,58.65714309018371,1184.170044,3.5168020241370233,29.58094377188885,8.12659189206238,1,1,55.14034106604669,21.45435187982647
2005-02-07 16:20:07,1107814807.0,adbe,0.0,31.754034784568574,70.93290566281196,1201.719971,5.05096709443419,7.737289562595026,1.4820444993455708,1,1,65.88193856837778,6.255245063249456
2005-04-05 04:12:22,1112692342.0,adbe,0.0,33.425,79.92776069376957,1181.390015,3.2737797377073887,5.262213847052461,-1.6917382161072563,1,1,76.65398095606218,6.953952063159718
2005-08-31 10:51:30,1125503490.0,adbe,0.0,27.04,45.55711740193057,1220.329956,6.677799442269841,-19.10246821241585,3.2961122496028623,1,0,38.879317959660725,-22.398580462018714
2006-02-21 13:18:21,1140549501.0,adbe,0.0,38.1,105.0934235581936,1283.030029,12.158862805193364,40.902366863905335,5.1379606549624,1,1,92.93456075300024,35.76440620894294
2006-04-07 10:36:37,1144424197.0,adbe,0.0,36.95,98.90293964501979,1295.5,13.248952464017506,-3.0183727034120698,0.9719157555274949,1,0,85.65398718100228,-3.9902884589395646
2008-12-04 14:30:57,1228422657.0,adbe,0.08,20.44,10.029122769802555,845.2199710000001,-26.113256412645878,-44.682002706359945,-34.75723882670783,1,0,36.14237918244844,-9.924763879652119
2008-12-05 00:15:55,1228457755.0,adbe,0.08,21.66,16.596418747256518,876.070007,-23.416433363261685,5.968688845401168,3.6499416789099897,1,1,40.0128521105182,2.3187471664911783
2008-12-17 11:42:55,1229535775.0,adbe,0.08,21.69,16.757909631948014,904.419983,-20.938158500752973,0.138504155124659,3.2360400166056555,1,0,37.69606813270099,-3.0975358614809965
2008-12-20 21:49:14,1229831354.0,adbe,0.079,21.69,16.757909631948014,904.419983,-20.938158500752973,0.0,0.0,1,0,37.69606813270099,0.0
2011-04-24 04:02:44,1303635764.0,adbe,28.03,33.48,80.22382731570396,1337.380005,16.90998426288884,54.35684647302902,47.87156742864669,1,1,63.313843052815116,6.485279044382331
2011-08-05 04:11:46,1312535506.0,adbe,28.17,25.62,37.913215526533335,1199.380005,4.84641387305139,-23.47670250896056,-10.318682759130978,1,0,33.066801653481946,-13.158019749829583
2011-09-25 13:42:54,1316976174.0,adbe,28.17,24.31,30.86144689500488,1129.560059,-1.257048686264918,-5.11319281811086,-5.821336499602565,1,1,32.1184955812698,0.7081436814917055
2011-10-18 13:47:26,1318963646.0,adbe,27.25,26.76,44.04986914481,1225.380005,7.119260468238156,10.078157136980678,8.482943889219094,1,1,36.93060867657185,1.5952132477615848
2012-03-24 12:13:07,1332609187.0,adbe,25.26,33.56,80.6544696748813,1402.890015,22.636684385163875,25.41106128550075,14.48611934874847,1,1,58.01778528971742,10.92494193675228
2012-07-02 04:31:22,1341221482.0,adbe,24.76,32.19,73.27971927396985,1365.51001,19.369029881613326,-4.082240762812885,-2.664500039227949,1,0,53.91068939235652,-1.4177407235849362
2004-01-20 06:29:18,1074601758.0,adi,0.0,35.828049759427,0.0,1138.77002,0.0,11.301801054448603,-16.604784171446685,0,1,0.0,27.906585225895288
2004-05-12 18:46:27,1084405587.0,adi,0.0,33.076839235429,-7.678929058297713,1097.280029,-3.6434038718370827,-7.678929058297713,-3.6434038718370827,0,0,-4.035525186460631,-4.035525186460631
2004-06-22 09:09:13,1087913353.0,adi,0.0,33.37640656167,-6.842803932167504,1134.410034,-0.3828679999847498,0.9056709563715917,3.3838221801811343,0,0,-6.459935932182754,-2.478151223809543
2004-08-10 02:07:28,1092121648.0,adi,0.0,25.774841869646,-28.05960122665014,1079.040039,-5.24513114597098,-22.77526395173338,-4.8809507444818685,0,0,-22.81447008067916,-17.89431320725151
2004-11-11 09:56:15,1100188575.0,adi,0.0,28.166802360886,-21.383378246886554,1173.47998,3.048021935105048,9.28021402939009,8.752218415131498,0,1,-24.431400181991602,0.5279956142585913
2005-01-24 03:34:28,1106559268.0,adi,0.0,24.567918216936,-31.428256960953508,1163.75,2.1935930487527298,-12.777041915654618,-0.8291560287206662,0,0,-33.621850009706236,-11.947885886933951
2005-03-17 01:05:45,1111039545.0,adi,0.0,26.031939092093,-27.342014798772208,1190.209961,4.517149213324047,5.959075824942187,2.273680859291087,0,1,-31.859164012096254,3.6853949656511
2005-04-08 23:33:20,1113021200.0,adi,0.0,25.778991321903,-28.048019652199784,1181.199951,3.7259438038244217,-0.971682398668612,-0.7570101322652235,0,0,-31.773963456024205,-0.21467226640338843
2005-09-07 23:00:53,1126152053.0,adi,0.0,26.800806153323,-25.196022855608476,1236.359985,8.569769425436764,3.9637502439896415,4.669830366425404,0,0,-33.765792281045236,-0.7060801224357625
2005-10-31 08:19:48,1130764788.0,adi,0.0,25.274729881035,-29.455468408841416,1207.01001,5.992429445938526,-5.6941431670285105,-2.373902047630576,0,0,-35.44789785477994,-3.3202411193979344
2011-08-05 04:12:35,1312535555.0,adi,25.32,26.474177432609,-26.107679289344603,1199.380005,5.3224078554509235,4.7456394478581965,-0.6321409877951205,0,1,-31.430087144795525,5.377780435653317
2012-03-19 11:50:51,1332175851.0,adi,22.65,34.638040619148,-3.3214454827139726,1409.75,23.7958477340315,30.837079668746714,17.539895122730517,0,1,-27.117293216745473,13.297184546016197
2013-04-22 02:24:41,1366615481.0,adi,17.57,37.817412600335,5.552528966175606,1562.5,37.20944286889464,9.178844774000959,10.83525447774428,0,0,-31.656913902719033,-1.6564097037433214
2013-05-11 12:07:46,1368292066.0,adi,17.57,40.849188294033,14.014546056291675,1632.689941,43.37310539664543,8.016877637131486,4.492156224000006,0,1,-29.358559340353754,3.5247214131314806
2003-11-12 17:41:28,1068680488.0,adm,0.733,10.791715922664,0.0,1058.530029,0.0,-73.58156581965574,-35.1665002387615,0,0,0.0,-38.415065580894236
2004-01-31 04:11:22,1075543882.0,adm,0.703,11.947923216224,10.713841078153425,1128.47998,6.608216024450645,10.713841078153425,6.608216024450645,1,1,4.105625053702781,4.105625053702781
2004-04-14 16:44:25,1081979065.0,adm,0.789,12.679392014565,17.49189939235368,1128.170044,6.578936174894284,6.122141773959039,-0.027464909036322205,1,1,10.912963217459396,6.149606682995361
2004-06-19 13:33:48,1087670028.0,adm,0.848,12.500387601871,15.833178814673644,1133.560059,7.088134294204316,-1.4117744170097095,0.4777661868142945,1,0,8.745044520469328,-1.889540603824004
2004-11-30 07:08:52,1101820132.0,adm,0.613,16.185244922087,49.978418984286755,1173.819946,10.89151123175175,29.47794450521254,3.551632459202602,1,1,39.086907752535005,25.92631204600994
2005-01-26 00:58:06,1106722686.0,adm,0.613,17.292254598362,60.236376886515586,1174.069946,10.91512888955558,6.839622641510545,0.021297985338545267,1,1,49.321247996960004,6.818324656172
2005-02-08 21:21:16,1107919276.0,adm,0.613,18.116785943449,67.87678691023922,1202.300049,13.58204453923904,4.76821192052714,2.4044651765577068,1,1,54.294742371000176,2.363746743969433
2005-02-14 20:39:46,1108435186.0,adm,0.528,18.780991749214,74.03156165157652,1206.140015,13.944808551104405,3.6662452591662715,0.3193849990436126,1,1,60.08675310047212,3.346860260122659
2006-04-06 18:53:48,1144367628.0,adm,0.52,28.718236859862,166.11372154033432,1309.040039,23.66583877045589,52.91118404896739,8.531349820111892,1,1,142.44788276987845,44.3798342288555
2006-04-07 06:53:49,1144410829.0,adm,0.52,28.041507009697,159.8428944076095,1295.5,22.386702739445855,-2.356446370531995,-1.0343487285800261,1,0,137.45619166816363,-1.3220976419519688
2006-04-12 00:58:21,1144821501.0,adm,0.52,29.083826549031,169.501409761456,1288.119995,21.689509008723643,3.7170596393894075,-0.5696646082593579,1,1,147.81190075273236,4.286724247648765
2006-04-22 19:30:52,1145752252.0,adm,0.52,29.324960173803,171.73584241794939,1309.930054,23.749919049296984,0.8290986894915133,1.69316981994367,1,0,147.9859233686524,-0.8640711304521567
2006-04-23 14:17:44,1145819864.0,adm,0.52,29.013820012807,168.85270350634622,1311.459961,23.89445032928773,-1.061007957562216,0.1167930299276952,1,0,144.95825317705848,-1.1778009874899111
2006-04-24 19:49:42,1145926182.0,adm,0.52,29.721663879072,175.41184453023507,1308.109985,23.577975982011562,2.439678284185095,-0.25543867900058365,1,1,151.8338685482235,2.6951169631856784
2006-04-28 06:30:41,1146223841.0,adm,0.52,28.267083626419,161.93317011852088,1310.609985,23.81415256004986,-4.894006804502007,0.19111542826423727,1,0,138.11901755847103,-5.085122232766245
2006-05-16 14:27:00,1147807620.0,adm,0.514,34.248753221552,217.36151569395173,1292.079956,22.06360902398169,21.16125481562734,-1.4138476901654318,1,1,195.29790666997005,22.575102505792774
2007-02-20 08:05:08,1171980308.0,adm,0.541,28.113556820353,160.5105343934313,1459.680054,37.89689607379101,-17.91363429060026,12.971341070784312,1,0,122.61363831964029,-30.884975361384573
2007-03-07 08:11:55,1173276715.0,adm,0.541,26.737368724251,147.75827047206704,1391.969971,31.50028179313938,-4.895104895107762,-4.63869344617351,1,0,116.25798867892766,-0.2564114489342524
2007-04-09 12:40:37,1176140437.0,adm,0.541,29.678479283919,175.01168022399804,1444.609985,36.47321714290261,11.000000000001464,3.781691781912734,1,1,138.53846308109541,7.21830821808873
2007-06-18 03:24:32,1182155072.0,adm,0.597,27.414216913899,154.0301941818687,1531.050049,44.63926455127518,-7.629307244346808,5.98362636957683,1,0,109.39092963059352,-13.612933613923637
2007-06-19 05:10:54,1182247854.0,adm,0.597,26.925099950255,149.4978569043761,1533.699951,44.889602465873935,-1.7841726618717275,0.17307742498234369,1,0,104.60825443850217,-1.9572500868540712
2007-10-12 05:57:34,1192186654.0,adm,0.47,28.085120455177,160.24703259835272,1561.800049,47.54423646114625,4.3083238579064815,1.8321770162200317,1,1,112.70279613720646,2.47614684168645
2008-01-23 23:14:44,1201151684.0,adm,0.62,32.438016192222,200.58256188988415,1338.599976,26.458384677530955,15.498939176679299,-14.291206684422379,1,1,174.1241772123532,29.790145861101678
2009-01-09 16:47:55,1231541275.0,adm,0.628,22.563459617369,109.08129697875769,890.349976,-15.88807576473582,-30.441308483040732,-33.486479010664496,1,1,124.96937274349351,3.045170527623764
2011-07-29 19:09:22,1311984562.0,adm,85.48,25.773339608609,138.82522291456587,1292.280029,22.082510046580833,14.226009865832301,45.14292849264928,1,0,116.74271286798503,-30.91691862681698
2011-08-05 04:13:27,1312535607.0,adm,85.48,24.297183883824,125.14662226047638,1199.380005,13.30618613938254,-5.727452271229617,-7.18884621871689,1,1,111.84043612109383,1.4613939474872728
2011-09-28 04:29:00,1317202140.0,adm,54.78,21.424008826307,98.52272780192266,1151.060059,8.7413703404724,-11.825136078547096,-4.028743667441752,1,0,89.78135746145026,-7.796392411105344
2011-12-31 04:39:51,1325327991.0,adm,51.59,24.348374672286,125.62097489196562,1249.640015,18.054281008970783,13.649946980922213,8.564275619609528,1,1,107.56669388299483,5.085671361312684
2012-07-28 11:39:41,1343493581.0,adm,55.68,23.176718250108,114.76397651863584,1337.890015,26.39131421372269,-4.8120518841514786,7.062033780984518,1,0,88.37266230491315,-11.874085665135997
2013-06-07 17:17:34,1370643454.0,adm,46.71,29.283595446547,171.352541675487,1643.380005,55.251146398984204,26.349188571641474,22.83371477288438,1,1,116.1013952765028,3.5154737987570925
2004-05-12 18:03:39,1084403019.0,adp,0.015,26.309399206845,0.0,1097.280029,0.0,-10.156526868877723,-33.230292101552,0,1,0.0,23.07376523267428
2006-05-29 06:22:46,1148901766.0,adp,0.012,26.905052135053,2.264030902131082,1280.160034,16.666666681855737,2.264030902131082,16.666666681855737,0,0,-14.402635779724655,-14.402635779724655
2006-06-27 09:26:37,1151418397.0,adp,0.012,26.103734531367,-0.7817155909227024,1239.199951,12.933792491360474,-2.9783164874154338,-3.1996064485793765,0,1,-13.715508082283177,0.22128996116394273
2007-02-20 18:32:39,1172017959.0,adp,0.012,30.042457435387,14.189066801535924,1459.680054,33.027123015286364,15.088733373713701,17.792132966280263,0,0,-18.83805621375044,-2.703399592566562
2007-04-28 09:46:50,1177771610.0,adp,0.012,29.730677351115,13.00401471493835,1495.420044,36.284266958074745,-1.037798205897617,2.4484810833758255,0,0,-23.280252243136395,-3.486279289273442
2007-05-28 15:46:58,1180385218.0,adp,0.007,32.590542106333,23.874140378902347,1515.72998,38.13520158398874,9.619238476955669,1.3581425554304063,0,1,-14.261061205086392,8.261095921525262
2007-06-30 05:05:33,1183197933.0,adp,0.007,32.15785154904,22.22951689703878,1506.339966,37.279447924774,-1.3276568271901183,-0.6195044053954823,0,0,-15.049931027735216,-0.708152421794636
2007-10-22 09:12:40,1193062360.0,adp,0.008,31.641636401299,20.26742288005837,1506.329956,37.27853566903841,-1.605253842763036,-0.0006645246243148313,0,0,-17.011112788980043,-1.6045893181387212
2008-01-23 19:35:35,1201138535.0,adp,0.078,26.561364696582,0.9577014197703342,1338.599976,21.992558018204846,-16.055654139646318,-11.135009254240714,0,0,-21.034856598434512,-4.920644885405604
2008-12-07 07:53:01,1228657981.0,adp,0.288,25.07972395488,-4.673900921481603,845.2199710000001,-22.971352010271566,-5.578180031889189,-36.85791228491699,1,1,18.297451088789963,31.279732253027802
2011-08-05 04:11:51,1312535511.0,adp,0.57,36.348810220309,38.15902801327372,1199.380005,9.304824046879647,44.93305542637868,41.901522225153364,1,1,28.854203966394074,3.031533201225315
2011-09-30 03:20:09,1317370809.0,adp,0.62,35.670098949833,35.579298749446906,1131.420044,3.111331118558064,-1.8672172936675309,-5.666257626164113,1,1,32.46796763088884,3.7990403324965825
2012-01-04 00:07:51,1325657271.0,adp,0.61,41.462685748933,57.59647502002067,1277.300049,16.406023552990405,16.239334820031726,12.893531962210844,1,1,41.190451467030265,3.345802857820882
2012-04-20 21:07:33,1334974053.0,adp,0.58,42.244343560842,60.567496158753606,1378.530029,25.631561002373807,1.88520786290144,7.925309333484577,1,0,34.9359351563798,-6.040101470583137
2012-07-26 00:02:28,1343278948.0,adp,0.27,43.718948695439,66.17235669929134,1360.02002,23.944661714060953,3.490656997600686,-1.342735276751819,1,1,42.227694985230386,4.833392274352505
2012-11-04 17:34:40,1352072080.0,adp,0.26,46.231750951025,75.72332453337337,1427.589966,30.10261084410933,5.747627357398337,4.968305245977193,1,1,45.62071368926404,0.7793221114211439
2013-02-06 18:15:11,1360196111.0,adp,7.29,47.688595667569,81.26067909282285,1512.119995,37.806207625783735,3.15117789522462,5.9211700147239625,1,0,43.45447146703912,-2.7699921194993427
2013-04-23 04:13:36,1366708416.0,adp,0.46,52.438894831799,99.31620034164749,1578.780029,43.881232436063954,9.961079997707877,4.408382550354411,1,1,55.434967905583534,5.552697447353466
2013-04-26 14:37:22,1367005042.0,adp,0.46,52.620645070065,100.00701899864943,1582.23999,44.19655404117448,0.346594333936633,0.21915408964170657,1,1,55.81046495747495,0.12744024429492645
2003-10-03 16:48:40,1065217720.0,adsk,0.0,9.035044228794995,0.0,1029.849976,0.0,-82.82984897512235,-34.91189816280652,0,0,0.0,-47.91795081231582
2004-06-20 07:36:21,1087734981.0,adsk,0.0,19.51113985325815,115.94957765757782,1132.050049,9.923782626761938,115.94957765757782,9.923782626761938,1,1,106.02579503081589,106.02579503081589
2004-08-03 23:39:21,1091594361.0,adsk,0.0,19.94915661323035,120.7975534823804,1099.689941,6.781566891059492,2.2449573078071907,-2.8585404000984993,1,1,114.0159865913209,5.1034977079056905
2005-02-25 15:10:44,1109365844.0,adsk,0.0,29.92447363872083,231.2045063747503,1211.369995,17.625870100520352,50.003703008050046,10.155594757777267,1,1,213.57863627422995,39.84810825027278
2005-04-19 09:08:08,1113919688.0,adsk,0.0,32.25,256.9434657244748,1152.780029,11.93669523375316,7.771319186279858,-4.836669741023262,1,1,245.0067704907216,12.60798892730312
2013-02-06 12:50:17,1360176617.0,adsk,5.45,38.71,328.44283901378043,1512.119995,46.82915281244809,20.031007751937988,31.171598827203486,1,0,281.6136862013323,-11.140591075265498
2013-05-14 02:47:26,1368517646.0,adsk,36.49,39.42,336.3011292669395,1650.339966,60.25052235375301,1.8341513820718183,9.140807042896089,1,0,276.05060691318647,-7.306655660824271
2013-04-23 04:44:32,1366710272.0,adt,48.01,41.139410733720574,0.0,1578.780029,0.0,4.36177253607451,-4.33607247441525,0,1,0.0,8.697845010489761
2013-05-09 13:05:42,1368122742.0,adt,69.94,42.023118368311465,2.148080438756859,1626.670044,3.033355763331609,2.148080438756859,3.033355763331609,0,0,-0.8852753245747498,-0.8852753245747498
2004-09-24 17:33:50,1096065230.0,aee,0.804,24.359122488162,0.0,1110.109985,0.0,-42.03399596701377,-31.75567539989689,0,0,0.0,-10.278320567116882
2004-11-02 15:30:15,1099427415.0,aee,0.804,24.980206423686,2.5496974935194463,1130.560059,1.84216647686489,2.5496974935194463,1.84216647686489,1,1,0.7075310166545563,0.7075310166545563
2005-03-05 21:55:16,1110081316.0,aee,0.974,27.536992277649,13.045912433961334,1210.079956,9.005411387232948,10.235247101635954,7.033672945277836,1,1,4.0405010467283855,3.2015741563581184
2005-12-16 06:43:01,1134736981.0,aee,0.863,29.232040481272,20.00448905939913,1267.319946,14.16165633353888,6.1555313904010704,4.730265113159186,1,1,5.84283272586025,1.4252662772418843
2006-01-10 11:29:29,1136914169.0,aee,0.863,28.868527446781,18.512181466349904,1289.689941,16.176771529534527,-1.2435431413824631,1.7651418704965303,1,0,2.3354099368153776,-3.0086850118789936
2007-02-20 06:12:12,1171973532.0,aee,0.965,31.525186231826,29.418398577972383,1459.680054,31.489678835741653,9.202612741306401,13.180696196497653,0,0,-2.0712802577692706,-3.9780834551912516
2007-12-15 01:09:10,1197702550.0,aee,1.02,33.029285932352,35.59308611549333,1486.589966,33.91375504112774,4.7711048856788345,1.8435486548067936,1,1,1.6793310743655852,2.9275562308720406
2008-01-23 19:17:07,1201137427.0,aee,1.02,29.21750279394,19.944808390117768,1338.599976,20.58264443049757,-11.54061624650015,-9.954997234254172,0,0,-0.6378360403798027,-1.585619012245978
2012-04-23 16:14:50,1335215690.0,aee,86.81,24.928308776266,2.336645289174976,1366.939941,23.135541475198966,-14.68022112609713,2.117134730921295,0,0,-20.798896186023992,-16.797355857018424
2013-05-15 17:35:45,1368657345.0,aee,94.51,30.170537798134,23.85724408913424,1658.780029,49.42483640483604,21.02922050957213,21.349883725432814,0,0,-25.567592315701802,-0.3206632158606837
2008-12-08 10:59:42,1228755582.0,aeo,0.054,6.9023102323186,0.0,909.7000119999999,0.0,-77.12234936446676,-45.1584902099156,0,0,0.0,-31.96385915455116
2009-01-12 14:36:10,1231792570.0,aeo,0.054,6.6960465047144,-2.98832884442681,870.26001,-4.335495380866274,-2.98832884442681,-4.335495380866274,1,1,1.3471665364394645,1.3471665364394645
2004-08-03 23:58:46,1091595526.0,aep,1.754,17.959709814934,0.0,1099.689941,0.0,168.21363624475035,26.363377423259994,0,1,0.0,141.85025882149034
2004-10-10 13:54:05,1097434445.0,aep,1.739,18.477491824947,2.8830199115046216,1130.650024,2.815346566855606,2.8830199115046216,2.815346566855606,1,1,0.06767334464901564,0.06767334464901564
2005-04-04 22:37:45,1112672265.0,aep,1.435,19.88309311398,10.709434166061252,1176.119995,6.950145777499652,7.607100045555197,4.021577856526892,1,1,3.7592883885615995,3.585522189028305
2007-03-07 02:53:36,1173257616.0,aep,1.342,28.612200908397,59.31326955296992,1391.969971,26.578403521106672,43.90216222585347,18.35271714770906,1,1,32.73486603186325,25.549445078144412
2007-04-10 20:12:53,1176253973.0,aep,1.457,31.278956848719,74.16181648274558,1448.390015,31.70894458513555,9.3203453619654,4.053251519461116,1,1,42.452871897610024,5.267093842504283
2008-01-23 20:30:47,1201141847.0,aep,1.55,28.750881614007,60.08544631439333,1338.599976,21.72521781755571,-8.08235148933855,-7.580143322100987,1,0,38.36022849683762,-0.502208167237562
2011-04-08 04:53:43,1302256423.0,aep,136.63,26.88861610224,49.71631713047704,1328.170044,20.776774841846066,-6.477246634620523,-0.7791672035709052,1,0,28.93954228863097,-5.698079431049618
2011-11-13 10:16:12,1321200972.0,aep,120.73,30.721486096036,71.0578089100873,1239.699951,12.731771454841375,14.254619796058211,-6.661051677807598,1,1,58.326037455245924,20.91567147386581
2012-07-27 00:36:41,1343367401.0,aep,123.75,34.372987853425,91.38943895876814,1385.969971,26.03279518403814,11.885823966895133,11.798824375366934,1,1,65.35664377473,0.08699959152819936
2013-04-25 05:13:54,1366884834.0,aep,126.19,42.495328113203,136.61478136950157,1585.160034,44.14608835637243,23.63000939695346,14.371888797582038,1,1,92.46869301312914,9.258120599371424
2003-10-03 17:23:47,1065219827.0,aes,101.18,6.1014414135344,0.0,1029.849976,0.0,-85.64208894379915,-35.03179780521769,0,0,0.0,-50.61029113858146
2003-12-15 21:31:38,1071545498.0,aes,29.748,6.4472409898682,5.667506297228992,1068.040039,3.70831323882072,5.667506297228992,3.70831323882072,1,1,1.959193058408272,1.959193058408272
2004-08-04 00:04:30,1091595870.0,aes,15.619,7.2771599730694,19.269521410579905,1098.630005,6.678645492341111,12.872467222885158,2.864121651154691,1,1,12.590875918238794,10.008345571730466
2004-10-26 04:29:14,1098782954.0,aes,15.619,8.6834115834935,42.31738035264416,1111.089966,7.8885266682765876,19.324181626186835,1.1341362372494115,1,1,34.42885368436757,18.190045388937424
2004-12-05 09:19:07,1102259947.0,aes,12.944,9.3903796062205,53.904282115869854,1190.329956,15.582850292749832,8.14159292035509,7.131734821192691,1,1,38.32143182312002,1.0098580991623978
2005-02-18 08:12:43,1108735963.0,aes,10.698,12.748477714173,108.94206549117958,1201.589966,16.67621440037787,35.761047463171586,0.9459570384868954,1,1,92.2658510908017,34.81509042468469
2007-02-19 02:26:15,1171873575.0,aes,6.513,17.136290116098,180.85642317380558,1455.540039,41.33515297571848,34.41832429174576,21.13450346505307,1,1,139.5212701980871,13.283820826692693
2007-04-11 05:09:29,1176286169.0,aes,6.513,17.08249907089,179.97481108311703,1438.869995,39.71646633315065,-0.3139013452944863,-1.1452824074460217,1,1,140.2583447499664,0.8313810621515354
2008-01-23 21:05:49,1201143949.0,aes,5.378,13.924196273708,128.21158690175952,1338.599976,29.980094887141117,-18.48852901484427,-6.968664253784794,1,0,98.2314920146184,-11.519864761059477
2008-04-23 21:50:03,1209005403.0,aes,5.687,13.547658957256,122.04030226700492,1379.930054,33.993308361255906,-2.7041942604830136,3.0875600434046295,1,0,88.04699390574902,-5.791754303887643
2011-05-23 09:17:49,1306160269.0,aes,178.11,10.821747724334,77.36378981413924,1317.369995,27.918631422097548,-20.120902375255227,-4.53356739485869,1,0,49.44515839204169,-15.587334980396538
2011-07-24 02:55:42,1311494142.0,aes,178.11,11.046480504552,81.04706340453201,1343.800049,30.485029889440906,2.076677316295789,2.0062741750847244,1,1,50.5620335150911,0.07040314121106483
2013-05-23 20:50:51,1369360251.0,aes,279.88,11.266929983344,84.66013552717818,1650.51001,60.26703388494326,1.995653535994184,22.82407722995998,1,0,24.393101642234924,-20.828423693965796
2004-02-15 08:22:54,1076854974.0,aet,0.211,17.058780499951,0.0,1152.109985,0.0,51.405755828509996,-30.196728403967686,0,1,0.0,81.60248423247768
2004-08-03 20:44:23,1091583863.0,aet,0.193,19.749871541387,15.775401069518033,1099.689941,-4.549916647063862,15.775401069518033,-4.549916647063862,1,1,20.325317716581893,20.325317716581893
2004-11-30 04:45:36,1101811536.0,aet,0.178,27.037294727509,58.49488612381562,1173.819946,1.8843653195141798,36.89858524320414,6.7409914591553015,1,1,56.61052080430144,30.157593784048835
2005-02-04 06:20:07,1107519607.0,aet,0.178,29.761328978175,74.46340304490401,1203.030029,4.419720743935741,10.075099147750318,2.4884636778867564,1,1,70.04368230096827,7.5866354698635625
2005-04-08 02:12:37,1112944357.0,aet,0.177,34.235224426714,100.68975286253516,1181.199951,2.5249295968908734,15.032579532385322,-1.8145912798324635,1,1,98.16482326564429,16.847170812217787
2005-09-23 17:26:49,1127514409.0,aet,0.17,37.06876759198,117.30022021261414,1215.290039,5.483856126808928,8.276689324270842,2.886055656465221,1,1,111.8163640858052,5.390633667805622
2006-01-11 03:31:09,1136971869.0,aet,0.172,41.325912545452,142.25596047484584,1294.180054,12.331293960619556,11.4844523571187,6.491455740467889,1,1,129.9246665142263,4.992996616650811
2006-05-07 11:34:24,1147019664.0,aet,0.155,33.716247659418,97.64746758723375,1312.25,13.899715919917137,-18.413785485473706,1.3962466771258146,1,0,83.7477516673166,-19.81003216259952
2007-01-25 23:46:33,1169790393.0,aet,0.253,37.560186257429,120.18095758683862,1423.900024,23.590633059221332,11.400849337803661,8.508289121737477,1,1,96.59032452761728,2.892560216066185
2007-02-20 08:05:18,1171980318.0,aet,0.253,42.330604074066,148.14554636064167,1459.680054,26.696241939088814,12.700729927007384,2.5128189758356165,1,1,121.44930442155285,10.187910951171768
2007-04-06 18:34:03,1175902443.0,aet,0.272,40.968933088091,140.16331699800395,1437.77002,24.794510829623604,-3.216753022452698,-1.501016194607808,1,0,115.36880616838035,-1.7157368278448901
2008-01-23 22:12:23,1201147943.0,aet,0.31,49.486076076296,190.09152252377098,1338.599976,16.186821868399996,20.789272129424322,-6.8974900450351555,1,1,173.904700655371,27.686762174459478
2008-02-22 22:13:00,1203739980.0,aet,0.31,45.846183583528,168.75416788239755,1353.109985,17.446251019168106,-7.35538717427531,1.0839690168947143,1,0,151.30791686322945,-8.439356191170024
2008-11-01 10:58:06,1225555086.0,aet,0.389,23.366646530204,36.977238966590384,930.090027,-19.270725962851547,-49.03251545980511,-31.26279184171419,1,0,56.247964929441935,-17.76972361809092
2012-12-19 21:05:07,1355972707.0,aet,43.0,43.445310483375,154.6800486910527,1435.810059,24.624391567963006,85.92873576110756,54.37323456001318,1,1,130.05565712308967,31.55550120109438
2013-06-05 05:12:09,1370427129.0,aet,63.37,55.433386434568,224.9551539439014,1608.900024,39.648127778356155,27.593486656702364,12.055213286397525,1,1,185.30702616554524,15.53827337030484
2003-10-03 17:29:50,1065220190.0,afl,0.173,24.847968743484,0.0,1029.849976,0.0,-55.17508429182143,-35.99043068943357,0,0,0.0,-19.184653602387854
2003-12-07 12:26:30,1070821590.0,afl,0.206,26.819165552177,7.933029975377435,1069.719971,3.87143719271204,7.933029975377435,3.87143719271204,1,1,4.061592782665395,4.061592782665395
2004-06-27 21:50:24,1088391024.0,afl,0.203,30.232876971198,21.671422253080987,1140.650024,10.758853287578274,12.728626520387381,6.630712235249092,1,1,10.912568965502713,6.097914285138289
2004-08-29 05:10:22,1093774222.0,afl,0.226,29.909893501271,20.37158373001581,1105.089966,7.305917536866557,-1.0683186725322122,-3.117525731100149,1,1,13.065666193149253,2.0492070585679367
2005-01-25 00:35:34,1106634934.0,afl,0.189,29.851241142374,20.135538846417912,1168.410034,13.454392506583893,-0.19609684967453064,5.729856387095274,1,0,6.681146339834019,-5.9259532367698045
2005-03-17 18:20:48,1111101648.0,afl,0.189,28.818632766093,15.979833456810212,1190.209961,15.57119859562924,-3.4591807133111376,1.8657771129685476,1,0,0.4086348611809729,-5.324957826279685
2005-04-06 19:09:19,1112832559.0,afl,0.189,27.913098350819,12.335533898072784,1184.069946,14.974993794630151,-3.1421838177535664,-0.5158766269138919,0,0,-2.6394598965573675,-2.6263071908396745
2005-08-28 22:41:53,1125286913.0,afl,0.162,33.567833521671,35.092867623127745,1212.369995,17.722971622422026,20.25835720485714,2.39006564566583,1,1,17.36989600070572,17.868291559191313
2006-02-02 01:16:50,1138864610.0,afl,0.212,35.946860203852,44.66719825248698,1270.839966,23.40049479206863,7.08722140392268,4.8227827512342865,1,1,21.266703460418352,2.2644386526883933
2006-05-28 02:32:55,1148801575.0,afl,0.185,35.837169818371,44.22575216643716,1272.880005,23.59858568370739,-0.3051459428137787,0.16052682120322764,1,0,20.62716648272977,-0.46567276401700636
2007-02-20 18:32:53,1172017973.0,afl,0.171,37.403544937941,50.52958784709317,1459.680054,41.73715473291422,4.370811443840734,14.675385603217165,1,0,8.792433114178948,-10.304574159376433
2007-04-08 10:16:28,1176045388.0,afl,0.171,37.017304283893,48.97517244181265,1443.76001,40.19129423177265,-1.0326311441571725,-1.090652979491899,1,1,8.783878210040001,0.0580218353347266
2008-01-23 12:52:38,1201114358.0,afl,0.172,48.902632948185,96.80736664243017,1338.599976,29.980094887141117,32.107493763298045,-7.283761378042324,1,1,66.82727175528905,39.391255141340366
2009-01-29 12:02:15,1233252135.0,afl,0.241,18.566289151433,-25.280455142629208,845.1400150000001,-17.935618323498403,-62.034172738500615,-36.86388539125448,0,0,-7.344836819130805,-25.170287347246138
2011-12-30 09:10:57,1325257857.0,afl,33.03,37.428223465408,50.62890593510981,1257.599976,22.114871613105713,101.5923761616046,48.80374301055901,1,1,28.5140343220041,52.788633151045595
2012-07-17 03:10:14,1342512614.0,afl,30.49,38.278974941438,54.05273298838996,1363.670044,32.41443664411952,2.2730212584529474,8.434324906507472,1,0,21.638296344270444,-6.161303648054524
2013-05-07 11:42:45,1367944965.0,afl,27.57,49.662357441918,99.86485798740065,1625.959961,57.88318676428265,29.737950187786208,19.234118851114108,1,1,41.981671223118006,10.5038313366721
2003-11-17 22:46:03,1069130763.0,agn,0.739,44.747545026329,0.0,1043.630005,0.0,-9.896454112829936,-35.81453233583038,0,1,0.0,25.918078223000443
2004-06-19 14:49:29,1087674569.0,agn,0.695,34.787160888063,-22.259062776305186,1133.560059,8.617043738599671,-22.259062776305186,8.617043738599671,0,0,-30.876106514904855,-30.876106514904855
2004-08-10 02:33:38,1092123218.0,agn,0.637,25.885129384152,-42.15296198054787,1079.040039,3.3929681812856654,-25.589991470001447,-4.809627824051618,0,0,-45.54593016183354,-20.78036364594983
2004-11-02 14:09:49,1099422589.0,agn,0.637,27.052284625776,-39.544650751546904,1130.560059,8.329585541189948,4.508979747802941,4.77461615305268,0,0,-47.87423629273685,-0.2656364052497384
2005-03-10 01:40:57,1110440457.0,agn,0.522,31.532973816078,-29.531388152077795,1209.25,15.869608405902436,16.563071297988284,6.960261896179378,0,1,-45.400996557980235,9.602809401808905
2005-04-04 23:20:33,1112674833.0,agn,0.522,29.970172729836,-33.0238726790445,1176.119995,12.695111233410737,-4.95608531994899,-2.739715112673143,0,0,-45.718983912455236,-2.2163702072758467
2005-08-29 12:42:47,1125337367.0,agn,0.51,34.520099942946,-22.855879752431733,1212.280029,16.159943964048836,15.18151815181378,3.0745191097614146,0,1,-39.01582371648057,12.106999042052365
2006-06-21 09:29:01,1150900141.0,agn,0.47,23.412342855287,-47.67904509283936,1252.199951,19.985046903667747,-32.17765042980071,3.2929621081797134,0,0,-67.66409199650711,-35.47061253798042
2007-02-20 16:30:00,1172010600.0,agn,0.544,28.87225551102,-35.477453580901795,1459.680054,39.865665705922275,23.32065906210679,16.56924701476848,0,1,-75.34311928682408,6.751412047338313
2007-04-06 22:28:10,1175916490.0,agn,0.544,26.1719726215,-41.51193633952281,1437.77002,37.76625941298037,-9.35251798561201,-1.501016194607808,0,0,-79.27819575250318,-7.851501791004202
2008-01-23 23:06:53,1201151213.0,agn,0.449,25.459810101187,-43.1034482758625,1338.599976,28.263845384552738,-2.7210884353744387,-6.8974900450351555,0,1,-71.36729366041524,4.176401609660717
2008-02-16 18:44:49,1203209089.0,agn,0.436,26.49838044331,-40.782493368700734,1367.209961,31.00523695655914,4.079254079254037,2.137306552588796,0,1,-71.78773032525987,1.9419475266652406
2008-05-17 08:24:31,1211030671.0,agn,0.429,28.23922215963,-36.89213085764967,1408.660034,34.97695804558628,6.569615528180348,3.0317269609184754,0,1,-71.86908890323595,3.5378885672618727
2012-08-11 08:06:33,1344690393.0,agn,28.52,78.08070743542,74.4916003536688,1402.219971,34.359875078524595,176.49737302977834,-0.4571765255320653,1,1,40.131725275144206,176.95454955531042
2012-08-22 22:58:41,1345694321.0,agn,28.52,78.120272019881,74.5800176834636,1413.48999,35.43976152736237,0.05067139599590335,0.8037268925761183,1,0,39.14025615610122,-0.753055496580215
2013-04-22 02:49:52,1366616992.0,agn,26.63,96.784864739749,116.29089301502856,1562.5,49.717811150897305,23.89212458850374,10.541992589561952,1,1,66.57308186413125,13.350131998941789
2013-05-12 05:08:18,1368353298.0,agn,40.37,105.6473316592,136.09637488947874,1626.670044,55.86654620954482,9.156872764436736,4.106882815999998,1,1,80.22982867993392,5.049989948436738
2004-02-15 09:40:39,1076859639.0,aig,1.15,1117.0876419233,0.0,1152.109985,0.0,957.374213223701,-29.173713547527523,0,1,0.0,986.5479267712285
2004-08-18 11:50:54,1092847854.0,aig,1.173,1045.2473854637,-6.431031350048049,1095.170044,-4.942231361704594,-6.431031350048049,-4.942231361704594,0,0,-1.4887999883434553,-1.4887999883434553
2005-01-18 04:07:03,1106042823.0,aig,1.162,1013.5903537256,-9.264921060222969,1195.97998,3.807795746167413,-3.0286640443550237,9.20495739929133,0,0,-13.072716806390382,-12.233621443646353
2005-04-28 12:07:20,1114708040.0,aig,1.162,767.12852987351,-31.327811616218597,1143.219971,-0.7716289343677604,-24.3157231070899,-4.4114458337337785,0,0,-30.556182681850835,-19.904277273356122
2006-01-07 18:38:22,1136680702.0,aig,1.294,1053.1727176582,-5.721567571462611,1273.459961,10.53284647993047,37.28764824218637,11.392382332691076,0,1,-16.25441405139308,25.895265909495293
2006-06-17 17:06:59,1150582019.0,aig,1.384,899.55955498935,-19.47278608860357,1230.040039,6.76411584090211,-14.585752184163987,-3.40960244764225,0,0,-26.23690192950568,-11.176149736521737
2007-03-15 06:01:57,1173956517.0,aig,1.687,1025.1961637956,-8.225986456128878,1392.280029,20.846103855266907,13.966458152705336,13.189813734185286,0,1,-29.072090311395783,0.7766444185200498
2007-05-04 05:36:10,1178274970.0,aig,1.687,1083.2982580898,-3.024774651998173,1505.619995,30.683703344520527,5.667412378825894,8.14060128991479,0,0,-33.7084779965187,-2.4731889110888954
2007-06-05 04:27:22,1181035642.0,aig,1.614,1108.305497717,-0.7861642969373217,1530.949951,32.88227434293089,2.3084353215240845,1.6823604949534452,0,1,-33.668438639868214,0.6260748265706393
2007-07-06 07:35:21,1183725321.0,aig,1.614,1073.9774513275,-3.8591592080973047,1530.439941,32.83800686789465,-3.097345132746562,-0.033313303264214,0,0,-36.69716607599195,-3.064031829482348
2008-01-23 16:02:26,1201125746.0,aig,1.918,845.42694055716,-24.318656045502323,1338.599976,16.186821868399996,-21.280755055689287,-12.53495546350225,0,0,-40.50547791390232,-8.745799592187037
2008-05-23 12:57:40,1211565460.0,aig,2.282,572.49730205528,-48.75090542854756,1375.930054,19.426970681102105,-32.283054325428964,2.7887403757132563,0,0,-68.17787610964967,-35.07179470114222
2008-09-21 02:42:52,1221982972.0,aig,2.411,42.320137378737,-96.21156516368994,1206.51001,4.72177359004487,-92.60780142949031,-12.313129109105134,0,0,-100.93333875373482,-80.29467232038517
2008-10-27 11:48:40,1225126120.0,aig,2.411,21.238730654756,-98.09874088140577,848.919983,-26.316064086537715,-49.81412639405319,-29.638380455707946,0,0,-71.78267679486805,-20.175745938345244
2008-12-17 11:42:57,1229535777.0,aig,3.273,27.531687885795,-97.53540484626673,904.419983,-21.498815670797267,29.629629629630504,6.5377186438548005,0,1,-76.03658917546946,23.091910985775705
2008-12-19 05:47:27,1229687247.0,aig,3.273,25.171828924156,-97.7466558594438,887.8800050000001,-22.934440586416752,-8.571428571426503,-1.8287939575523404,0,0,-74.81221527302705,-6.742634613874163
2009-01-06 14:34:51,1231274091.0,aig,3.273,27.374363955019,-97.5494882471452,934.7000119999999,-18.870591855863495,8.749999999997419,5.273235880562464,0,1,-78.67889639128171,3.4767641194349546
2011-04-29 00:43:45,1304055825.0,aig,95.52,29.198987265993,-97.38615072173559,1363.609985,18.357622341064946,6.665445502120836,45.887447041136895,0,0,-115.74377306280053,-39.22200153901606
2011-09-02 15:22:28,1314994948.0,aig,85.55,22.178107181811,-98.01464931223957,1173.969971,1.8973870797587034,-24.044943820222713,-13.90720338557803,0,0,-99.91203639199827,-10.137740434644682
2011-11-03 02:27:12,1320305232.0,aig,76.86,23.087353334235,-97.93325496874306,1261.150024,9.464377569820297,4.099746407437795,7.426088839882263,0,0,-107.39763253856336,-3.326342432444468
2011-11-04 17:31:20,1320445880.0,aig,76.86,22.412448973673,-97.99367138865799,1253.22998,8.776939382223999,-2.923264311813602,-0.6280017324885656,0,0,-106.77061077088199,-2.2952625793250365
2012-01-02 19:39:36,1325554776.0,aig,81.27,21.746918284785,-98.05324869162969,1257.599976,9.156243099481506,-2.9694688414897152,0.3486986482720355,0,0,-107.20949179111119,-3.3181674897617506
2012-03-10 07:53:56,1331387636.0,aig,66.35,27.605463081332,-97.52880060209033,1352.630005,17.404590066112476,26.939655172410657,7.556459193189426,0,1,-114.9333906682028,19.38319597922123
2012-07-01 20:48:59,1341193739.0,aig,74.18,28.908403444085,-97.41216334697668,1329.040039,15.357045447358043,4.719864176573451,-1.7440072978419552,0,1,-112.76920879433473,6.463871474415407
2012-07-13 10:02:58,1342191778.0,aig,74.18,29.470823744553,-97.36181633038096,1356.780029,17.764800814568062,1.9455252918267951,2.0872200374694683,0,0,-115.12661714494902,-0.14169474564267315
2012-11-12 11:30:45,1352741445.0,aig,71.9,29.977002014975,-97.31650401544474,1380.030029,19.782837313053925,1.7175572519093676,1.7136160249304495,0,1,-117.09934132849867,0.003941226978918078
2013-01-30 10:56:28,1359564988.0,aig,71.9,35.310621197752,-96.83904647472804,1501.959961,30.366022389780774,17.792370231394695,8.835310061213168,0,1,-127.2050688645088,8.957060170181528
2013-04-22 02:32:25,1366615945.0,aig,48.99,36.191746335153,-96.76016948206129,1562.5,35.62073242512519,2.4953543934171725,4.030735876587058,0,0,-132.38090190718648,-1.5353814831698855
2013-05-11 13:26:32,1368296792.0,aig,45.01,41.572233876302,-96.27851635662832,1632.689941,41.71302759779484,14.866614866613773,4.492156224000006,0,1,-137.99154395442315,10.374458642613767
2003-10-26 17:46:24,1067208384.0,aiv,2.028,15.218029228484,0.0,1033.77002,0.0,-63.39376595983469,-36.68301653363345,0,0,0.0,-26.71074942620124
2004-01-18 06:24:52,1074428692.0,aiv,2.14,13.013965331068,-14.483241320700007,1132.050049,9.506952910087296,-14.483241320700007,9.506952910087296,0,0,-23.990194230787303,-23.990194230787303
2004-05-22 07:48:23,1085230103.0,aiv,2.092,11.111117923158,-26.98714297143668,1088.680054,5.311629563411018,-14.621580429197609,-3.8311022589779524,0,0,-32.2987725348477,-10.790478170219657
2004-11-30 01:33:49,1101800029.0,aiv,2.024,14.883373004615,-2.199077284216366,1173.819946,13.547493474419015,33.95027491873519,7.820469538978084,0,1,-15.746570758635382,26.129805379757105
2005-01-09 17:04:30,1105311870.0,aiv,2.024,14.711500124166,-3.3284802960551274,1187.890015,14.908537877699338,-1.1547979103641852,1.1986564930972705,0,0,-18.237018173754464,-2.3534544034614555
2005-02-16 03:30:49,1108546249.0,aiv,1.986,15.709999715347,3.2328133917772046,1210.339966,17.08019603818653,6.7872044506243405,1.8899014821671059,0,1,-13.847382646409324,4.897302968457234
2005-03-08 22:29:05,1110342545.0,aiv,1.986,16.192233101688,6.401642805236285,1219.430054,17.959510375431474,3.06959513099106,0.7510359283632813,0,1,-11.557867570195189,2.3185592026277786
2005-04-11 18:19:40,1113261580.0,aiv,1.986,15.364953413052,0.9654613114620537,1181.209961,14.262354116247257,-5.109114249039305,-3.134258736253839,0,0,-13.296892804785204,-1.9748555127854655
2005-09-05 18:49:31,1125964171.0,aiv,2.265,17.135135977677,12.59760196546803,1218.02002,17.82311311368848,11.520910718292775,3.116301099326736,0,1,-5.225511148220448,8.404609618966038
2007-01-17 16:51:48,1169074308.0,aiv,2.86,27.935608979579,83.5691636555091,1430.619995,38.38861326235792,63.03114848911877,17.454555057313435,1,1,45.18055039315118,45.576593431805335
2007-02-20 06:12:22,1171973542.0,aiv,2.934,28.761474848765,88.9960547252161,1459.680054,41.19968907591265,2.956319548250084,2.0312912654348794,1,1,47.796365649303446,0.9250282828152048
2008-01-08 07:10:49,1199797849.0,aiv,3.619,15.922647481872,4.630154422815453,1390.189941,34.47768015172274,-44.6389743029617,-4.760640032695812,0,0,-29.847525728907286,-39.87833427026589
2008-01-23 19:31:02,1201138262.0,aiv,3.619,20.212901993747,32.82207367504566,1338.599976,29.487211865555942,26.944354051419356,-3.711001171745647,1,1,3.3348618094897162,30.655355223165003
2013-04-22 08:22:07,1366636927.0,aiv,380.3,26.596150270236,74.76737540006337,1562.5,51.14580320292129,31.580068406128422,16.72643269194262,1,1,23.62157219714208,14.853635714185803
2013-05-14 20:29:12,1368581352.0,aiv,397.17,28.089448155689,84.5800644351058,1650.339966,59.642854220129166,5.614714424005055,5.621757824,1,0,24.93721021497663,-0.0070433999949450765
2005-01-31 23:37:39,1107236259.0,aiz,0.271,26.0428244241,0.0,1181.27002,0.0,-7.286094480195374,-28.42262537802469,0,1,0.0,21.136530897829317
2005-02-16 10:35:03,1108571703.0,aiz,0.271,26.811379955829,2.9511220411937313,1210.339966,2.460906101722625,2.9511220411937313,2.460906101722625,1,1,0.4902159394711063,0.4902159394711063
2005-12-25 21:45:53,1135568753.0,aiz,0.263,34.955583758245,34.22347433981523,1268.119995,7.3522542288849495,30.375921775877803,4.7738677250289205,1,1,26.871220110930285,25.60205405084888
2006-02-02 01:16:50,1138864610.0,aiz,0.263,35.8436008976,37.63330856091926,1270.839966,7.58251242167308,2.5404157043881233,0.2144884561969222,1,1,30.05079613924618,2.325927248191201
2006-05-23 20:17:02,1148433422.0,aiz,0.264,39.554665784367,51.88316420765468,1256.579956,6.375336267316774,10.35349349349409,-1.1220932911705395,1,1,45.507827940337904,11.47558678466463
2006-11-08 14:58:09,1163019489.0,aiz,0.257,45.323479192736,74.03442289767044,1385.719971,17.307639027358036,14.584406906173326,10.277102892129847,1,1,56.7267838703124,4.3073040140434795
2007-04-13 11:17:08,1176481028.0,aiz,0.252,45.67870203597,75.39841797535207,1452.849976,22.990506099528375,0.7837501656115744,4.844413474935766,1,0,52.4079118758237,-4.060663309324191
2007-11-04 02:11:09,1194163869.0,aiz,0.253,50.747105432415,94.86022178705656,1508.439941,27.6964551254759,11.095769298466168,3.8262701530305923,1,1,67.16376666158067,7.269499145435576
2008-01-23 20:26:27,1201141587.0,aiz,0.246,54.668425911695,109.9174230161645,1338.599976,13.318712346564086,7.727180586688675,-11.259312378549655,1,1,96.59871066960042,18.98649296523833
2008-01-29 03:01:48,1201597308.0,aiz,0.246,53.044854840671,103.68318726437118,1362.300049,15.32503372937544,-2.9698515074250174,1.7705119845303192,1,0,88.35815353499575,-4.740363491955336
2011-05-08 22:34:13,1304912053.0,aiz,20.48,33.813474272185,29.837968883643992,1335.099976,13.022421071856208,-36.25494051449596,-1.996628644325915,1,0,16.815547811787784,-34.25831187017004
2011-07-31 11:16:28,1312128988.0,aiz,19.94,31.446133951977,20.74778618434636,1300.670044,10.107767231746053,-7.001174446470218,-2.578827999319806,1,0,10.640018952600308,-4.422346447150412
2013-04-22 18:49:03,1366674543.0,aiz,20.58,42.671150504742,63.849933516635645,1562.5,32.2728904945882,35.69601455589835,20.13039027137001,1,1,31.577043022047448,15.56562428452834
2013-05-07 11:26:28,1367943988.0,aiz,32.09,43.810627926894,68.2253322967216,1625.959961,37.645071276760255,2.6703695791501314,4.0614375040000015,1,0,30.58026101996135,-1.39106792484987
2006-02-18 09:23:31,1140276211.0,akam,0.32,25.77,0.0,1280.0,0.0,-41.17865636849138,-21.277274305526397,0,0,0.0,-19.901382062964984
2006-04-07 10:36:37,1144424197.0,akam,0.32,30.89,19.86806363989135,1295.5,1.2109375,19.86806363989135,1.2109375,1,1,18.65712613989135,18.65712613989135
2006-04-12 06:24:50,1144841090.0,akam,0.32,30.98,20.217306946061317,1288.119995,0.6343746093750013,0.2913564260278403,-0.5696646082593579,1,1,19.582932336686316,0.8610210342871982
2006-06-29 20:45:30,1151631930.0,akam,0.305,35.85,39.1152502910361,1272.869995,-0.5570316406249987,15.719819238218209,-1.1838959149143555,1,1,39.6722819316611,16.903715153132566
2006-11-30 09:22:43,1164900163.0,akam,0.27,48.87,89.63911525029104,1400.630005,9.424219140624999,36.317991631799146,10.03716094352589,1,1,80.21489610966604,26.280830688273255
2007-01-13 14:46:03,1168721163.0,akam,0.27,53.79,108.73108265424914,1414.849976,10.535154374999998,10.067526089625542,1.015255345754212,1,1,98.19592827924913,9.052270743871329
2007-02-11 18:36:34,1171240594.0,akam,0.209,59.15,129.53046177726037,1448.310059,13.149223359374991,9.964677449340027,2.3649209151203987,1,1,116.38123841788538,7.599756534219628
2007-02-19 17:28:06,1171927686.0,akam,0.209,55.99,117.26814124951495,1455.540039,13.714065546874997,-5.342349957734568,0.4992011175419219,1,0,103.55407570263996,-5.84155107527649
2007-03-08 17:09:23,1173395363.0,akam,0.209,50.08,94.33449747768724,1401.890015,9.522657421874996,-10.555456331487772,-3.68591880418894,1,0,84.81184005581224,-6.8695375272988315
2007-03-16 16:26:34,1174080394.0,akam,0.209,51.08,98.21497865735351,1386.949951,8.355464921875004,1.9968051118210863,-1.0657087103940814,1,1,89.85951373547852,3.062513822215168
2007-04-04 23:17:57,1175746677.0,akam,0.209,51.17,98.56422196352348,1439.369995,12.450780859375001,0.17619420516837003,3.7795195105782127,1,0,86.11344110414848,-3.6033253054098426
2007-04-28 07:15:54,1177762554.0,akam,0.209,48.9722,90.03570042685294,1495.420044,16.829690937499997,-4.295094782098888,3.894068182239685,1,0,73.20600948935294,-8.189162964338573
2007-04-29 10:14:03,1177859643.0,akam,0.172,46.55,80.63639891346526,1494.25,16.73828125,-4.946071444615524,-0.07824182942407863,1,0,63.89811766346526,-4.867829615191445
2007-04-30 10:46:44,1177948004.0,akam,0.27,44.08,71.05161039968955,1482.369995,15.810155859375001,-5.30612244897959,-0.7950480174000323,1,0,55.24145454031455,-4.511074431579558
2007-05-01 11:19:59,1178036399.0,akam,0.172,43.16,67.48156771439658,1486.300049,16.117191328124996,-2.087114337568062,0.2651196403904497,1,0,51.36437638627158,-2.352233977958512
2007-06-01 00:57:17,1180677437.0,akam,0.172,43.62,69.26658905704306,1536.339966,20.02655984375,1.0658016682113087,3.36674395144288,1,0,49.24002921329306,-2.3009422832315716
2007-07-02 18:05:36,1183417536.0,akam,0.172,48.2,87.03919285991465,1519.430054,18.705472968749994,10.499770747363609,-1.100662117384511,1,1,68.33371989116466,11.60043286474812
2007-10-11 04:29:16,1192094956.0,akam,0.163,35.36,37.21381451299961,1554.410034,21.43828390625,-26.6390041493776,2.302177708537024,1,0,15.775530606749612,-28.941181857914625
2007-12-13 22:43:51,1197607431.0,akam,0.157,35.54,37.912301125339546,1488.410034,16.28203390625,0.5090497737556553,-4.245983913920103,1,1,21.630267219089546,4.755033687675758
2008-01-23 20:39:10,1201142350.0,akam,0.157,27.79,7.838571982925881,1338.599976,4.578123124999998,-21.80641530669668,-10.065106696264051,1,0,3.2604488579258835,-11.74130861043263
2008-11-02 19:38:10,1225676290.0,akam,0.133,13.8,-46.44935972060536,954.090027,-25.461716640625003,-50.34184958618207,-28.724783796051703,0,0,-20.987643079980355,-21.61706579013037
2008-12-19 20:41:49,1229740909.0,akam,0.133,15.58,-39.54210322079938,887.8800050000001,-30.634374609374994,12.898550724637676,-6.939599002851737,0,1,-8.907728611424389,19.838149727489412
2009-02-07 12:52:24,1234032744.0,akam,0.133,14.17,-45.01358168412883,832.22998,-34.98203281250001,-9.050064184852374,-6.267741664032646,0,0,-10.031548871628821,-2.7823225208197284
2004-09-24 23:35:21,1096086921.0,all,0.235,34.780845979639,0.0,1110.109985,0.0,145.45410006802396,33.38980950914555,0,1,0.0,112.06429055887841
2005-01-30 21:16:48,1107141408.0,all,0.257,36.42865596061,4.737693792542156,1174.550049,5.804835995597309,4.737693792542156,5.804835995597309,0,0,-1.0671422030551536,-1.0671422030551536
2005-02-04 03:29:23,1107509363.0,all,0.244,37.943496608395,9.093081377627927,1203.030029,8.370345754524491,4.158376442498962,2.424756614181544,1,1,0.7227356231034356,1.7336198283174182
2007-01-13 10:07:07,1168704427.0,all,0.249,49.191424571845,41.43251317303229,1414.849976,27.451333211816838,29.64388885804845,17.607203635313407,1,1,13.981179961215453,12.036685222735041
2007-02-22 20:38:57,1172198337.0,all,0.213,47.102536097902,35.426654445024774,1456.380005,31.192406579425544,-4.246448424952891,2.9352955934884233,1,0,4.2342478655992295,-7.181744018441314
2007-04-10 15:14:21,1176236061.0,all,0.217,46.381846856122,33.354567865526704,1448.390015,30.47265897711927,-1.5300433935914841,-0.5486198638108901,1,0,2.881908888407434,-0.981423529780594
2008-01-23 23:24:46,1201152286.0,all,0.261,40.024577609239,15.07649248287328,1338.599976,20.58264443049757,-13.706373673742348,-7.580143322100987,0,0,-5.506151947624291,-6.126230351641361
2011-05-05 15:24:18,1304627058.0,all,30.87,29.126457064676,-16.257192013883515,1335.099976,20.267360355289473,-27.228571031933527,-0.2614672092299515,0,0,-36.52455236917299,-26.967103822703574
2011-07-14 00:16:09,1310620569.0,all,30.87,26.058875269451,-25.07693664292672,1308.869995,17.90453312605777,-10.531942791439961,-1.96464545513556,0,0,-42.981469768984496,-8.567297336304401
2011-09-12 04:48:27,1315820907.0,all,31.43,22.349017675289,-35.74331777791631,1162.27002,4.698636685084845,-14.236445571045389,-11.200499328430253,0,0,-40.44195446300115,-3.035946242615136
2011-10-28 00:34:15,1319780055.0,all,31.43,24.020550853219,-30.93741633748404,1285.089966,15.762400425575846,7.4792243767303885,10.567247187533933,0,0,-46.699816763059886,-3.088022810803545
2012-03-11 04:48:46,1331459326.0,all,33.86,28.054205189211,-19.34007239032032,1365.910034,23.042766253471715,16.792513879636736,6.28905914280557,0,1,-42.382838643792034,10.503454736831166
2012-08-20 11:29:53,1345480193.0,all,31.11,34.45620568316,-0.9333881547017105,1418.130005,27.746802043222765,22.820110036163356,3.8230900791523132,0,1,-28.680190197924475,18.997019957011045
2013-04-23 04:40:20,1366710020.0,all,33.24,45.77387384685,31.60655687801964,1578.780029,42.21834325722239,32.84653065912407,11.328300186413447,0,1,-10.611786379202748,21.518230472710624
2013-05-09 08:24:15,1368105855.0,all,31.8,45.433786832325,30.628757158242568,1626.670044,46.53233156893007,-0.7429718875506699,3.033355763331609,0,0,-15.9035744106875,-3.776327650882279
2004-06-22 11:22:40,1087921360.0,altr,0.0,19.014924700406006,0.0,1134.410034,0.0,-58.148052306136705,-30.26182303016579,0,0,0.0,-27.886229275970916
2004-09-17 01:25:17,1095402317.0,altr,0.0,17.932481169073597,-5.692599620493351,1128.550049,-0.5165667460942127,-5.692599620493351,-0.5165667460942127,0,0,-5.176032874399139,-5.176032874399139
2004-10-13 13:42:20,1097692940.0,altr,0.0,17.932481169073597,-5.692599620493351,1113.650024,-1.8300270076771876,0.0,-1.3202803910382812,0,1,-3.8625726128161637,1.3202803910382812
2004-12-09 07:30:24,1102599024.0,altr,0.0,18.4646825719787,-2.8937381404174487,1189.23999,4.833345470919912,2.9678068410462783,6.787587156734978,0,0,-7.7270836113373615,-3.8197803156887
2005-02-04 08:02:17,1107525737.0,altr,0.0,17.499503756540634,-7.9696394686906915,1203.030029,6.048958748896259,-5.22716170004885,1.159567380508284,0,0,-14.01859821758695,-6.386729080557133
2005-05-02 10:15:47,1115046947.0,altr,0.0,18.59998801339525,-2.1821631878557755,1162.160034,2.4462054432074956,6.288659793814435,-3.397254766281484,0,1,-4.628368631063271,9.685914560095918
2005-08-29 00:15:53,1125292553.0,altr,0.0,19.583207554355525,2.9886148007590325,1212.280029,6.8643605632987565,5.286129970902044,4.312658629938742,0,1,-3.875745762539724,0.973471340963302
2005-09-07 14:23:43,1126121023.0,altr,0.0,18.139949512578976,-4.601518026565454,1236.359985,8.987045948502255,-7.369875633348694,1.9863361124461811,0,0,-13.588563975067709,-9.356211745794875
2007-02-25 00:37:19,1172385439.0,altr,0.001,19.72753335853318,3.7476280834914797,1456.380005,28.38215119313728,8.75186474390851,17.795789468226758,0,0,-24.634523109645798,-9.043924724318249
2008-01-23 22:56:39,1201150599.0,altr,0.001,16.541731023842857,-13.006592008804228,1338.599976,17.99965937184226,-16.149015068385616,-8.087177013941496,0,0,-31.00625138064649,-8.06183805444412
2008-02-20 18:30:55,1203553855.0,altr,0.29,15.73484935560079,-17.250004385950472,1360.030029,19.88875170686299,-4.877855087106946,1.6009303290171315,0,0,-37.138756092813466,-6.478785416124078
2008-12-12 00:13:54,1229062434.0,altr,0.584,14.059917274909994,-26.05851720985365,879.7299800000001,-22.450440878240677,-10.644729052296947,-35.31540030429725,0,1,-3.608076331612974,24.670671252000304
2008-12-22 17:49:20,1229989760.0,altr,0.584,14.746883917006574,-22.445741177761807,871.6300050000001,-23.164466209226063,4.885993485342024,-0.9207342234716125,1,1,0.7187250314642561,5.806727708813637
2011-10-23 05:27:00,1319365620.0,altr,17.5,31.010405405021917,63.08455538800942,1215.390015,7.138510641911331,110.28446131090605,39.4387536027973,1,1,55.94604474609809,70.84570770810876
2012-03-09 05:22:40,1331292160.0,altr,16.7,35.82101523587778,88.38368176715909,1370.869995,20.844311484642603,15.512889199690434,12.792599748320301,1,1,67.53937028251649,2.7202894513701334
2013-02-06 17:54:59,1360194899.0,altr,15.0,32.93779575886669,73.22075305490642,1512.119995,33.295717569437514,-8.048960807016158,10.303675805523776,1,0,39.92503548546891,-18.352636612539932
2013-06-02 09:56:44,1370185004.0,altr,14.49,32.110315034468435,68.8690096878628,1654.410034,45.83880470154586,-2.512252885579032,9.409970073175309,1,0,23.03020498631694,-11.922222958754341
